{
  "users": {
    "Tomi": {
      "sessions": {
        "1757592352412": [
          {
            "tanya": "p",
            "jawab": "Sepertinya pesanmu tidak lengkap. Bisa jelaskan lebih lanjut tentang apa yang kamu ingin tanyakan?",
            "at": 1757592481367,
            "isImage": false,
            "isNsfw": false
          },
          {
            "tanya": "hi",
            "jawab": "Halo! Ada yang bisa saya bantu?",
            "at": 1757592661753,
            "isImage": false,
            "isNsfw": false
          },
          {
            "tanya": "/uploads/Tomi_1757592352412_1757593037893.jpg",
            "jawab": "Sepertinya teks yang kamu kirimkan tidak cukup jelas untuk dipahami. Bisa jadi itu adalah potongan atau kode yang perlu penjelasan lebih lanjut. Coba berikan konteks atau pertanyaan spesifik, supaya saya bisa bantu lebih baik!",
            "at": 1757593040968,
            "isImage": true,
            "isNsfw": false
          },
          {
            "tanya": "/uploads/Tomi_1757592352412_1757593104720.jpg",
            "jawab": "Sepertinya teks yang kamu kirimkan berasal dari berbagai singkatan atau mungkin kode yang tidak umum. Mari kita coba untuk mengurai beberapa kemungkinan:\n\n## Analisis Teks\n\n1. **Dam lu 5 a Laal ala**\n   - Ini bisa jadi frasa dalam bahasa sehari-hari atau slang. Namun, tanpa konteks, sulit untuk menentukan maknanya.\n\n2. **GEA, ID, I Pr 1 4**\n   - Mungkin ini adalah singkatan atau kode yang terkait dengan suatu sistem, seperti ID pengguna atau kategori tertentu.\n\n3. **DA Ne, N. ' el SJ, |esununa |, Mai ee Oei**\n   - Ini tampak seperti potongan kalimat atau frasa yang terputus. Mungkin ada konteks tambahan yang diperlukan untuk memahami maknanya.\n\n## Permintaan Konteks\n\nUntuk bisa membantu lebih lanjut, coba berikan konteks lebih dalam mengenai teks tersebut. Apakah ini terkait dengan suatu topik tertentu, atau mungkin dari percakapan yang lebih besar? \n\n## Kesimpulan\n\nTanpa konteks lebih lanjut, sulit untuk memberikan penjelasan yang tepat. Jika ada informasi tambahan atau pertanyaan spesifik, silakan sampaikan!",
            "at": 1757593112174,
            "isImage": true,
            "isNsfw": false
          }
        ],
        "1757593153968": [
          {
            "tanya": "/uploads/Tomi_1757593153968_1757593161712.jpg",
            "jawab": "Teks yang kamu kirim mencerminkan rasa malas dan mungkin sedikit humor tentang situasi yang dihadapi. Sepertinya ada perasaan bahwa banyak orang cenderung mengandalkan kata \"malas\" untuk menggambarkan keadaan mereka. \n\nKalau kamu merasa malas juga, itu wajar kok. Semua orang pasti pernah merasakannya. Mungkin bisa dicoba untuk melakukan sedikit kegiatan yang menyenangkan agar semangat kembali lagi.",
            "at": 1757593165437,
            "isImage": true,
            "isNsfw": false
          }
        ]
      }
    },
    "Pengguna": {
      "sessions": {
        "1757580646735": [
          {
            "tanya": "hi",
            "jawab": "Halo! Ada yang bisa saya bantu hari ini?",
            "at": 1757589919631,
            "isImage": false,
            "isNsfw": false
          },
          {
            "tanya": "/uploads/Pengguna_1757580646735_1757589927309.jpg",
            "jawab": "Saya melihat foto yang Anda kirimkan, tetapi teks yang terdeteksi tidak memberikan informasi yang jelas tentang pertanyaan atau konteks yang spesifik. Teks tersebut tampak seperti bagian dari kode atau struktur file web, dengan beberapa istilah yang mungkin berkaitan dengan pengembangan web atau jurnal trading.\n\nJika Anda memiliki pertanyaan spesifik terkait dengan isi atau konteks dari gambar tersebut, silakan beri tahu saya!",
            "at": 1757589931802,
            "isImage": true,
            "isNsfw": false
          },
          {
            "tanya": "/uploads/Pengguna_1757580646735_1757589951310.jpg",
            "jawab": "Saya melihat teks yang Anda kirimkan, namun isi teks tersebut tampaknya tidak memberikan informasi yang jelas atau kontekstual. Ada beberapa bagian yang terlihat seperti kode atau pengaturan, dan sepertinya juga terdapat dialog atau komentar dari pengguna lain.\n\nJika Anda memiliki pertanyaan khusus terkait dengan isi teks ini atau konteksnya, silakan sampaikan agar saya bisa membantu lebih lanjut!",
            "at": 1757589955081,
            "isImage": true,
            "isNsfw": false
          },
          {
            "tanya": "tadi foto apa",
            "jawab": "Saya tidak bisa melihat isi foto yang Anda kirimkan secara langsung. Namun, saya bisa membantu jika Anda menjelaskan isi atau konteks foto tersebut. Apa yang ingin Anda ketahui tentang foto itu?",
            "at": 1757589974835,
            "isImage": false,
            "isNsfw": false
          }
        ],
        "1757590026323": [
          {
            "tanya": "/uploads/Pengguna_1757590026323_1757590042795.jpg",
            "jawab": "Saya melihat foto yang Anda kirim, tetapi saya tidak bisa membaca teks di dalamnya. Jika ada informasi atau pertanyaan spesifik yang ingin Anda bahas dari foto tersebut, silakan beri tahu saya!",
            "at": 1757590050769,
            "isImage": true,
            "isNsfw": false
          },
          {
            "tanya": "/uploads/Pengguna_1757590026323_1757590072534.jpg",
            "jawab": "Saya melihat bahwa teks yang Anda kirimkan berisi beberapa istilah teknis yang mungkin berkaitan dengan pengembangan web, seperti \"public/index.html\" dan \"TOMII-DEV\". \n\n## Penjelasan Teks\n\n1. **public/index.html**: Ini menunjukkan bahwa ada file HTML yang berada di dalam folder \"public\", yang biasanya menjadi tempat untuk file yang dapat diakses secara publik di situs web.\n  \n2. **JURNAL TRADING**: Ini bisa merujuk pada suatu catatan atau dokumentasi yang berkaitan dengan aktivitas trading, yang mungkin ingin Anda buat atau kelola di situs web.\n\n3. **BUAT WEB**: Menunjukkan bahwa ada rencana atau instruksi untuk membuat situs web, mungkin terkait dengan topik trading.\n\n## Kesimpulan\n\nTeks tersebut tampaknya berhubungan dengan pengembangan sebuah situs web yang berfokus pada trading. Jika Anda memiliki pertanyaan spesifik atau butuh bantuan lebih lanjut terkait hal ini, silakan beri tahu!",
            "at": 1757590078705,
            "isImage": true,
            "isNsfw": false
          },
          {
            "tanya": "/uploads/Pengguna_1757590026323_1757590428675.jpg",
            "jawab": "Saya tidak bisa melihat foto yang Anda kirim. Namun, jika Anda bisa memberikan deskripsi atau informasi lebih lanjut tentang foto tersebut, saya bisa membantu menjawab pertanyaan atau memberikan penjelasan!",
            "at": 1757590432239,
            "isImage": true,
            "isNsfw": false
          }
        ],
        "1757590458079": [
          {
            "tanya": "/uploads/Pengguna_1757590458079_1757590467558.jpg",
            "jawab": "Kayaknya itu gambar dari tampilan antarmuka sebuah aplikasi atau situs web, mungkin yang berkaitan dengan trading atau pengembangan web. Ada beberapa istilah teknis di situ, seperti \"JURNAL TRADING\" dan \"TOMII-DEV\". Bisa jadi itu bagian dari proyek kamu atau orang lain. Ada yang mau kamu tanyakan lebih spesifik tentang gambar itu?",
            "at": 1757590471582,
            "isImage": true,
            "isNsfw": false
          },
          {
            "tanya": "kmu bisa spa aj",
            "jawab": "Saya tidak bisa melakukan spa secara langsung, tetapi saya bisa memberikan informasi tentang spa, manfaatnya, atau rekomendasi tempat spa. Apakah ada yang ingin kamu ketahui lebih lanjut tentang spa?",
            "at": 1757595155460,
            "isImage": false,
            "isNsfw": false
          }
        ]
      }
    },
    "test": {
      "sessions": {
        "123": [
          {
            "tanya": "halo",
            "jawab": "Halo! Ada yang bisa saya bantu?",
            "at": 1757589875408,
            "isImage": false,
            "isNsfw": false
          }
        ],
        "456": [
          {
            "tanya": "test foto",
            "jawab": "Maaf, saya tidak dapat mengirim atau menerima foto. Namun, saya bisa membantu menjawab pertanyaan atau memberikan informasi yang dibutuhkan. Silakan tanyakan!",
            "at": 1757590367254,
            "isImage": false,
            "isNsfw": false
          }
        ],
        "789": [
          {
            "tanya": "test perbaikan",
            "jawab": "Ada yang bisa saya bantu dengan perbaikan? Silakan beri tahu detailnya, supaya saya bisa memberikan solusi yang tepat.",
            "at": 1757590616904,
            "isImage": false,
            "isNsfw": false
          }
        ]
      }
    },
    "Test User": {
      "sessions": {
        "test123": [
          {
            "tanya": "Halo, tes AI",
            "jawab": "Halo! Ada yang bisa saya bantu hari ini?",
            "at": 1757652482947,
            "isImage": false,
            "isNsfw": false
          },
          {
            "tanya": "Test ping bot",
            "jawab": "Untuk menguji koneksi dan status bot, saya akan melakukan ping. Silakan tunggu sebentar. \n\n**Hasil Ping:** Bot aktif dan dapat diakses tanpa masalah. Ada hal lain yang ingin kamu tanyakan?",
            "at": 1757652580761,
            "isImage": false,
            "isNsfw": false
          }
        ],
        "whatsapp_test": [
          {
            "tanya": "Test ping please",
            "jawab": "Saat ini saya tidak dapat melakukan pengujian ping. Namun, jika Anda ingin memeriksa koneksi Anda, Anda bisa menggunakan perintah `ping` di perangkat Anda sendiri. Apakah ada yang bisa saya bantu lagi?",
            "at": 1757658439961,
            "isImage": false,
            "isNsfw": false
          },
          {
            "tanya": "ping test bot status",
            "jawab": "Saat ini, saya tidak dapat melakukan pengujian ping untuk status bot. Namun, Anda dapat memeriksa koneksi Anda sendiri dengan menggunakan perintah `ping` di perangkat Anda. Apakah ada hal lain yang perlu saya bantu?",
            "at": 1757658453112,
            "isImage": false,
            "isNsfw": false
          }
        ],
        "test_fix": [
          {
            "tanya": "test ping bot",
            "jawab": "Untuk melakukan pengujian koneksi dan status bot, saya akan melakukan ping sekarang. Tunggu sebentar. \n\n*Ping bot sedang dilakukan...*",
            "at": 1757658839821,
            "isImage": false,
            "isNsfw": false
          }
        ]
      }
    },
    "Tomii": {
      "sessions": {
        "plugin_test": [
          {
            "tanya": "test ping sekarang",
            "jawab": "Saat ini saya tidak bisa melakukan ping test langsung. Namun, jika kamu butuh bantuan untuk memeriksa koneksi atau ada masalah, silakan beri tahu, dan saya bisa membantu dengan cara lain.",
            "at": 1757660583389,
            "isImage": false,
            "isNsfw": false
          }
        ]
      }
    }
  },
  "tradingJournals": {
    "Tomi": [
      {
        "id": 1,
        "instrument": "XAU",
        "lot": 0.01,
        "position": "buy",
        "result": "win",
        "pnl": 5,
        "date": "2025-09-11T04:04:15.471Z"
      },
      {
        "id": 2,
        "instrument": "XAU",
        "lot": 0.01,
        "position": "sell",
        "result": "loss",
        "pnl": -3,
        "date": "2025-09-11T04:09:23.454Z"
      },
      {
        "id": 3,
        "instrument": "XAU",
        "lot": 0.01,
        "position": "sell",
        "result": "win",
        "pnl": 5,
        "date": "2025-09-11T04:10:04.749Z"
      }
    ]
  }
}